file,result_code,status_time,objective_func,meet0
/home/fabrizio/1801/working/orchestrator/out/2023_05_31_08_19_26_200_f2fd6c2d17cd88_Plan.json,NO_ERROR,1685539152,1525627,meet in 354
/home/fabrizio/1801/working/orchestrator/out/2023_05_31_08_19_47_401_f2fd711cbeec4f_Plan.json,NO_ERROR,1685539173,1547016,meet in 354
/home/fabrizio/1801/working/orchestrator/out/2023_05_31_08_20_09_375_f2fd763a7ff094_Plan.json,NO_ERROR,1685539195,1530071,meet in 354
/home/fabrizio/1801/working/orchestrator/out/2023_05_31_08_20_30_922_f2fd7b3ed181ad_Plan.json,NO_ERROR,1685539217,1552267,meet in 354
/home/fabrizio/1801/working/orchestrator/out/2023_05_31_08_20_52_850_f2fd8059d0e0a7_Plan.json,NO_ERROR,1685539239,1509648,meet in 354
/home/fabrizio/1801/working/orchestrator/out/2023_05_31_08_21_15_078_f2fd8586b68096_Plan.json,NO_ERROR,1685539261,1494685,meet in 354
/home/fabrizio/1801/working/orchestrator/out/2023_05_31_08_21_38_229_f2fd8aeaa2b8a2_Plan.json,NO_ERROR,1685539283,1486404,meet in 354
/home/fabrizio/1801/working/orchestrator/out/2023_05_31_08_21_59_317_f2fd8fd393ff1b_Plan.json,NO_ERROR,1685539305,1506955,meet in 354
/home/fabrizio/1801/working/orchestrator/out/2023_05_31_08_22_21_128_f2fd94e7935a11_Plan.json,NO_ERROR,1685539327,1508898,meet in 354
/home/fabrizio/1801/working/orchestrator/out/2023_05_31_08_22_43_268_f2fd9a0f3ca3d3_Plan.json,NO_ERROR,1685539349,1657602,meet in 354
/home/fabrizio/1801/working/orchestrator/out/2023_05_31_08_23_05_132_f2fd9f266ebc64_Plan.json,NO_ERROR,1685539371,1553865,meet in 354
/home/fabrizio/1801/working/orchestrator/out/2023_05_31_08_23_27_122_f2fda4451f0a53_Plan.json,NO_ERROR,1685539393,1459355,meet in 354
/home/fabrizio/1801/working/orchestrator/out/2023_05_31_08_23_49_030_f2fda95ef6669f_Plan.json,NO_ERROR,1685539416,1342534,meet in 354
/home/fabrizio/1801/working/orchestrator/out/2023_05_31_08_24_11_287_f2fdae8d91367e_Plan.json,NO_ERROR,1685539437,1199076,meet in 354
/home/fabrizio/1801/working/orchestrator/out/2023_05_31_08_24_33_195_f2fdb3a76b3a8c_Plan.json,NO_ERROR,1685539459,1201936,meet in 354
/home/fabrizio/1801/working/orchestrator/out/2023_05_31_08_24_55_033_f2fdb8bd0bdedf_Plan.json,NO_ERROR,1685539480,806571,meet in 353
/home/fabrizio/1801/working/orchestrator/out/2023_05_31_08_25_17_736_f2fdbe063c6710_Plan.json,NO_ERROR,1685539504,757828,meet in 353
/home/fabrizio/1801/working/orchestrator/out/2023_05_31_08_25_39_174_f2fdc3040d550b_Plan.json,NO_ERROR,1685539526,770671,meet in 353
/home/fabrizio/1801/working/orchestrator/out/2023_05_31_08_26_01_209_f2fdc82579f6d3_Plan.json,NO_ERROR,1685539547,957896,meet in 353
/home/fabrizio/1801/working/orchestrator/out/2023_05_31_08_26_22_957_f2fdcd35c22611_Plan.json,NO_ERROR,1685539569,1574425,meet in 353
/home/fabrizio/1801/working/orchestrator/out/2023_05_31_08_26_44_997_f2fdd25765119d_Plan.json,NO_ERROR,1685539591,1568689,meet in 353
/home/fabrizio/1801/working/orchestrator/out/2023_05_31_08_27_07_231_f2fdd784ad053b_Plan.json,NO_ERROR,1685539613,1563257,meet in 353
/home/fabrizio/1801/working/orchestrator/out/2023_05_31_08_27_29_194_f2fddca1bf946d_Plan.json,NO_ERROR,1685539635,1547023,meet in 353
/home/fabrizio/1801/working/orchestrator/out/2023_05_31_08_27_51_091_f2fde1baeb7c0a_Plan.json,NO_ERROR,1685539657,1607702,meet in 353
/home/fabrizio/1801/working/orchestrator/out/2023_05_31_08_28_13_306_f2fde6e70c22b6_Plan.json,NO_ERROR,1685539679,1598678,meet in 353
/home/fabrizio/1801/working/orchestrator/out/2023_05_31_08_28_35_678_f2fdec1c84444c_Plan.json,NO_ERROR,1685539701,1603320,meet in 353
/home/fabrizio/1801/working/orchestrator/out/2023_05_31_08_28_57_267_f2fdf123581a8b_Plan.json,NO_ERROR,1685539723,1511279,meet in 353
/home/fabrizio/1801/working/orchestrator/out/2023_05_31_08_29_19_379_f2fdf649524b4f_Plan.json,NO_ERROR,1685539746,1513626,meet in 353
/home/fabrizio/1801/working/orchestrator/out/2023_05_31_08_29_41_222_f2fdfb5f3ece3f_Plan.json,NO_ERROR,1685539767,1530951,meet in 353
/home/fabrizio/1801/working/orchestrator/out/2023_05_31_08_30_03_435_f2fe008b3b203c_Plan.json,NO_ERROR,1685539788,1195609,meet in 353
/home/fabrizio/1801/working/orchestrator/out/2023_05_31_08_30_25_609_f2fe05b4eddc67_Plan.json,NO_ERROR,1685539811,1137247,meet in 353
/home/fabrizio/1801/working/orchestrator/out/2023_05_31_08_30_47_575_f2fe0ad2386dbf_Plan.json,NO_ERROR,1685539833,1111900,meet in 353
/home/fabrizio/1801/working/orchestrator/out/2023_05_31_08_31_09_086_f2fe0fd4529920_Plan.json,NO_ERROR,1685539856,907049,meet in 353
/home/fabrizio/1801/working/orchestrator/out/2023_05_31_08_31_31_139_f2fe14f6c7fc41_Plan.json,NO_ERROR,1685539877,1019835,meet in 353
/home/fabrizio/1801/working/orchestrator/out/2023_05_31_08_31_53_058_f2fe1a11422e08_Plan.json,NO_ERROR,1685539899,998714,meet in 353
/home/fabrizio/1801/working/orchestrator/out/2023_05_31_08_32_15_695_f2fe1f5691dc21_Plan.json,NO_ERROR,1685539921,884371,meet in 354
/home/fabrizio/1801/working/orchestrator/out/2023_05_31_08_32_37_080_f2fe24513851ee_Plan.json,NO_ERROR,1685539943,899486,meet in 354
/home/fabrizio/1801/working/orchestrator/out/2023_05_31_08_32_58_871_f2fe29640b80c5_Plan.json,NO_ERROR,1685539965,901114,meet in 354
/home/fabrizio/1801/working/orchestrator/out/2023_05_31_08_33_21_043_f2fe2e8d95e146_Plan.json,NO_ERROR,1685539987,1115271,meet in 354
/home/fabrizio/1801/working/orchestrator/out/2023_05_31_08_33_43_013_f2fe33ab1b6f2b_Plan.json,NO_ERROR,1685540009,1021474,meet in 353
/home/fabrizio/1801/working/orchestrator/out/2023_05_31_08_34_05_096_f2fe38cf61a65e_Plan.json,NO_ERROR,1685540031,850437,meet in 353
/home/fabrizio/1801/working/orchestrator/out/2023_05_31_08_34_26_849_f2fe3ddfec41e0_Plan.json,NO_ERROR,1685540053,880740,meet in 353
/home/fabrizio/1801/working/orchestrator/out/2023_05_31_08_34_48_785_f2fe42fb69ca70_Plan.json,NO_ERROR,1685540076,983602,meet in 353
/home/fabrizio/1801/working/orchestrator/out/2023_05_31_08_35_10_825_f2fe481d162526_Plan.json,NO_ERROR,1685540097,927463,meet in 353
/home/fabrizio/1801/working/orchestrator/out/2023_05_31_08_35_32_921_f2fe4d42255db9_Plan.json,NO_ERROR,1685540119,781068,meet in 353
/home/fabrizio/1801/working/orchestrator/out/2023_05_31_08_35_55_431_f2fe527fd3619a_Plan.json,NO_ERROR,1685540142,1168697,meet in 353
/home/fabrizio/1801/working/orchestrator/out/2023_05_31_08_36_16_954_f2fe5782b99792_Plan.json,NO_ERROR,1685540163,1114120,meet in 353
/home/fabrizio/1801/working/orchestrator/out/2023_05_31_08_36_39_296_f2fe5cb66c8224_Plan.json,NO_ERROR,1685540186,1220329,meet in 353
/home/fabrizio/1801/working/orchestrator/out/2023_05_31_08_37_01_143_f2fe61cc932e45_Plan.json,NO_ERROR,1685540207,854217,meet in 353
/home/fabrizio/1801/working/orchestrator/out/2023_05_31_08_37_23_238_f2fe66f18e336b_Plan.json,NO_ERROR,1685540229,1137859,meet in 353
/home/fabrizio/1801/working/orchestrator/out/2023_05_31_08_37_45_091_f2fe6c081128f9_Plan.json,NO_ERROR,1685540252,1142549,meet in 353
/home/fabrizio/1801/working/orchestrator/out/2023_05_31_08_38_07_241_f2fe713052745d_Plan.json,NO_ERROR,1685540273,1145589,meet in 353
/home/fabrizio/1801/working/orchestrator/out/2023_05_31_08_38_29_025_f2fe7642c38a23_Plan.json,NO_ERROR,1685540295,1150079,meet in 353
/home/fabrizio/1801/working/orchestrator/out/2023_05_31_08_38_50_928_f2fe7b5c42b993_Plan.json,NO_ERROR,1685540317,1757647,meet in 353
/home/fabrizio/1801/working/orchestrator/out/2023_05_31_08_39_13_890_f2fe80b4e43b4d_Plan.json,NO_ERROR,1685540339,1701065,meet in 353
/home/fabrizio/1801/working/orchestrator/out/2023_05_31_08_39_35_523_f2fe85be539fe7_Plan.json,NO_ERROR,1685540363,1822048,meet in 353
/home/fabrizio/1801/working/orchestrator/out/2023_05_31_08_39_56_964_f2fe8abc51a640_Plan.json,NO_ERROR,1685540383,1572176,meet in 353
/home/fabrizio/1801/working/orchestrator/out/2023_05_31_08_40_19_513_f2fe8ffc5dfc91_Plan.json,NO_ERROR,1685540405,1565067,meet in 353
/home/fabrizio/1801/working/orchestrator/out/2023_05_31_08_40_41_756_f2fe952a29416a_Plan.json,NO_ERROR,1685540428,1369933,meet in 353
/home/fabrizio/1801/working/orchestrator/out/2023_05_31_08_41_03_533_f2fe9a3c2b175b_Plan.json,NO_ERROR,1685540449,1544534,meet in 353
/home/fabrizio/1801/working/orchestrator/out/2023_05_31_08_41_24_937_f2fe9f37f143eb_Plan.json,NO_ERROR,1685540471,1455462,meet in 353
/home/fabrizio/1801/working/orchestrator/out/2023_05_31_08_41_47_793_f2fea48a46cb3c_Plan.json,NO_ERROR,1685540493,902873,meet in 353
/home/fabrizio/1801/working/orchestrator/out/2023_05_31_08_42_09_256_f2fea989888871_Plan.json,NO_ERROR,1685540515,861515,meet in 353
/home/fabrizio/1801/working/orchestrator/out/2023_05_31_08_42_31_223_f2feaea6e43d64_Plan.json,NO_ERROR,1685540537,735019,meet in 353
/home/fabrizio/1801/working/orchestrator/out/2023_05_31_08_42_52_926_f2feb3b4771890_Plan.json,NO_ERROR,1685540560,740121,meet in 353
/home/fabrizio/1801/working/orchestrator/out/2023_05_31_08_43_15_675_f2feb900671f44_Plan.json,NO_ERROR,1685540582,746561,meet in 353
/home/fabrizio/1801/working/orchestrator/out/2023_05_31_08_43_39_489_f2febe8bdb61de_Plan.json,NO_ERROR,1685540604,741167,meet in 353
/home/fabrizio/1801/working/orchestrator/out/2023_05_31_08_43_59_175_f2fec32139efc2_Plan.json,NO_ERROR,1685540625,715050,meet in 353
/home/fabrizio/1801/working/orchestrator/out/2023_05_31_08_44_21_679_f2fec85e963899_Plan.json,NO_ERROR,1685540647,715671,meet in 353
/home/fabrizio/1801/working/orchestrator/out/2023_05_31_08_44_43_600_f2fecd7925cb8f_Plan.json,NO_ERROR,1685540669,709492,meet in 353
/home/fabrizio/1801/working/orchestrator/out/2023_05_31_08_45_05_010_f2fed27552ea85_Plan.json,NO_ERROR,1685540691,898014,meet in 353
/home/fabrizio/1801/working/orchestrator/out/2023_05_31_08_45_27_055_f2fed7974bdcd7_Plan.json,NO_ERROR,1685540714,907535,meet in 353
/home/fabrizio/1801/working/orchestrator/out/2023_05_31_08_45_49_268_f2fedcc3470e42_Plan.json,NO_ERROR,1685540736,706058,meet in 353
/home/fabrizio/1801/working/orchestrator/out/2023_05_31_08_46_11_109_f2fee1d91b4ffd_Plan.json,NO_ERROR,1685540757,704114,meet in 353
/home/fabrizio/1801/working/orchestrator/out/2023_05_31_08_46_33_277_f2fee7026b1a42_Plan.json,NO_ERROR,1685540779,708665,meet in 353
/home/fabrizio/1801/working/orchestrator/out/2023_05_31_08_46_55_020_f2feec1268a969_Plan.json,NO_ERROR,1685540801,712994,meet in 353
/home/fabrizio/1801/working/orchestrator/out/2023_05_31_08_47_17_081_f2fef13557b078_Plan.json,NO_ERROR,1685540823,717426,meet in 353
/home/fabrizio/1801/working/orchestrator/out/2023_05_31_08_47_38_848_f2fef646c7751e_Plan.json,NO_ERROR,1685540845,716167,meet in 353
/home/fabrizio/1801/working/orchestrator/out/2023_05_31_08_48_00_974_f2fefb6d948fd2_Plan.json,NO_ERROR,1685540868,648490,meet in 353
/home/fabrizio/1801/working/orchestrator/out/2023_05_31_08_48_22_976_f2ff008cfec042_Plan.json,NO_ERROR,1685540889,631811,meet in 353
/home/fabrizio/1801/working/orchestrator/out/2023_05_31_08_48_45_121_f2ff05b4ec774f_Plan.json,NO_ERROR,1685540911,634443,meet in 353
/home/fabrizio/1801/working/orchestrator/out/2023_05_31_08_49_07_168_f2ff0ad708987f_Plan.json,NO_ERROR,1685540933,649341,meet in 353
/home/fabrizio/1801/working/orchestrator/out/2023_05_31_08_49_28_960_f2ff0fe9eae224_Plan.json,NO_ERROR,1685540955,697707,meet in 352
/home/fabrizio/1801/working/orchestrator/out/2023_05_31_08_49_50_840_f2ff15021fbf31_Plan.json,NO_ERROR,1685540978,623886,meet in 352
/home/fabrizio/1801/working/orchestrator/out/2023_05_31_08_50_12_973_f2ff1a29528f63_Plan.json,NO_ERROR,1685540999,623345,meet in 352
/home/fabrizio/1801/working/orchestrator/out/2023_05_31_08_50_35_049_f2ff1f4d2dc3fa_Plan.json,NO_ERROR,1685541021,684159,no meet
